beta,delta,mape
0.25,0.25,1.6621651649475098
0.25,0.50,0.7687285542488098
0.25,0.75,3.742919921875
0.25,1.00,7.030740737915039
0.25,1.25,34.92548370361328
0.50,0.25,0.6574504375457764
0.50,0.50,0.11309785395860672
0.50,0.75,0.24744883179664612
0.50,1.00,0.310762494802475
0.50,1.25,0.9417828917503357
0.75,0.25,0.19664230942726135
0.75,0.50,0.06247883662581444
0.75,0.75,0.2684934437274933
0.75,1.00,0.22090262174606323
0.75,1.25,10.254000663757324
1.00,0.25,1.148667335510254
1.00,0.50,0.14233726263046265
1.00,0.75,0.2501834034919739
1.00,1.00,0.31276941299438477
1.00,1.25,0.6948587894439697
1.25,0.25,3.3098678588867188
1.25,0.50,0.5225120782852173
1.25,0.75,0.7559266686439514
1.25,1.00,1.1031265258789062
1.25,1.25,1.953181266784668
0.370,0.370,0.14679528772830963
0.370,0.445,0.05850858986377716
0.370,0.520,0.1279541403055191
0.370,0.595,0.14674462378025055
0.370,0.670,0.24709440767765045
0.370,0.745,0.3612520396709442
0.370,0.820,0.5629139542579651
0.370,0.895,0.8156583905220032
0.370,0.970,1.1605298519134521
0.370,1.045,1.4027715921401978
0.370,1.120,2.327695608139038
0.445,0.370,0.07361781597137451
0.445,0.445,0.11443320661783218
0.445,0.520,0.09846413135528564
0.445,0.595,0.10582378506660461
0.445,0.670,0.17683349549770355
0.445,0.745,0.28429877758026123
0.445,0.820,0.25755950808525085
0.445,0.895,0.34268808364868164
0.445,0.970,0.47605928778648376
0.445,1.045,0.5775054693222046
0.445,1.120,0.7788322567939758
0.520,0.370,0.0623597726225853
0.520,0.445,0.142551451921463
0.520,0.520,0.09770490229129791
0.520,0.595,0.07745115458965302
0.520,0.670,0.10445955395698547
0.520,0.745,0.14412029087543488
0.520,0.820,0.1347733736038208
0.520,0.895,0.1670789122581482
0.520,0.970,0.22828878462314606
0.520,1.045,5.012187480926514
0.520,1.120,5.9631571769714355
0.595,0.370,0.15821051597595215
0.595,0.445,0.10651794075965881
0.595,0.520,0.07719677686691284
0.595,0.595,0.08398760855197906
0.595,0.670,0.051759667694568634
0.595,0.745,0.05850685015320778
0.595,0.820,0.08247578144073486
0.595,0.895,0.10153612494468689
0.595,0.970,4.622488021850586
0.595,1.045,5.439398288726807
0.595,1.120,6.316794395446777
0.670,0.370,0.17099332809448242
0.670,0.445,0.06528910994529724
0.670,0.520,0.050888948142528534
0.670,0.595,0.11074966192245483
0.670,0.670,0.10491878539323807
0.670,0.745,0.14814317226409912
0.670,0.820,0.1840294599533081
0.670,0.895,0.22146335244178772
0.670,0.970,0.15027135610580444
0.670,1.045,5.986732482910156
0.670,1.120,6.949198246002197
0.745,0.370,0.09323600679636002
0.745,0.445,0.08128669112920761
0.745,0.520,0.06028430163860321
0.745,0.595,0.07627217471599579
0.745,0.670,0.24715593457221985
0.745,0.745,0.27340760827064514
0.745,0.820,0.33119508624076843
0.745,0.895,0.26170074939727783
0.745,0.970,0.2310209572315216
0.745,1.045,0.1993645876646042
0.745,1.120,0.2521452307701111
0.820,0.370,0.06148722767829895
0.820,0.445,0.09037549793720245
0.820,0.520,0.08286783844232559
0.820,0.595,0.045533936470746994
0.820,0.670,0.08015994727611542
0.820,0.745,0.13176576793193817
0.820,0.820,0.1832917034626007
0.820,0.895,0.23400843143463135
0.820,0.970,0.26750874519348145
0.820,1.045,0.2680310010910034
0.820,1.120,0.3286876976490021
0.895,0.370,0.19017580151557922
0.895,0.445,0.13893333077430725
0.895,0.520,0.09255662560462952
0.895,0.595,0.08604062348604202
0.895,0.670,0.11611851304769516
0.895,0.745,0.13738343119621277
0.895,0.820,0.1664743721485138
0.895,0.895,0.19241644442081451
0.895,0.970,0.21252423524856567
0.895,1.045,0.2658255994319916
0.895,1.120,0.346614807844162
0.970,0.370,0.35997891426086426
0.970,0.445,0.2063148319721222
0.970,0.520,0.11224210262298584
0.970,0.595,0.12649334967136383
0.970,0.670,0.17285089194774628
0.970,0.745,0.20856711268424988
0.970,0.820,0.2534838914871216
0.970,0.895,0.29075178503990173
0.970,0.970,0.2619938850402832
0.970,1.045,0.32009485363960266
0.970,1.120,0.36984121799468994
1.045,0.370,0.5397270917892456
1.045,0.445,0.2740951180458069
1.045,0.520,0.12175256013870239
1.045,0.595,0.16014647483825684
1.045,0.670,0.23807911574840546
1.045,0.745,0.30969709157943726
1.045,0.820,0.3860384225845337
1.045,0.895,0.34162265062332153
1.045,0.970,0.35430750250816345
1.045,1.045,0.39381980895996094
1.045,1.120,0.44324779510498047
1.120,0.370,0.7329399585723877
1.120,0.445,0.38183313608169556
1.120,0.520,0.14416639506816864
1.120,0.595,0.1867789626121521
1.120,0.670,0.316707968711853
1.120,0.745,0.4339200556278229
1.120,0.820,0.5480437278747559
1.120,0.895,0.4929497241973877
1.120,0.970,0.5340113639831543
1.120,1.045,0.5588931441307068
1.120,1.120,0.5932856798171997
0.2700,0.2700,1.1867729425430298
0.2700,0.3016,0.81718510389328
0.2700,0.3332,0.7104753255844116
0.2700,0.3648,0.33182287216186523
0.2700,0.3964,0.29931578040122986
0.2700,0.4280,0.21771594882011414
0.2700,0.4596,0.31092047691345215
0.2700,0.4912,0.46317237615585327
0.2700,0.5228,0.566560685634613
0.2700,0.5544,0.7697431445121765
0.2700,0.5860,1.023228406906128
0.2700,0.6176,1.1632516384124756
0.2700,0.6492,1.7430832386016846
0.2700,0.6808,2.137108087539673
0.2700,0.7124,2.4963972568511963
0.2700,0.7440,2.860175132751465
0.2700,0.7756,3.413222074508667
0.2700,0.8072,4.41798210144043
0.2700,0.8388,4.96638822555542
0.2700,0.8704,3.2251012325286865
0.2700,0.9020,3.099504232406616
0.2700,0.9336,3.331695079803467
0.2700,0.9652,4.172688961029053
0.2700,0.9968,4.529115200042725
0.2700,1.0284,5.250082969665527
0.2700,1.0600,6.29913854598999
0.2700,1.0916,7.992496967315674
0.2700,1.1232,10.19970417022705
0.2700,1.1548,12.786825180053711
0.2700,1.1864,15.909870147705078
0.2700,1.2180,20.120885848999023
0.3016,0.2700,0.9093167185783386
0.3016,0.3016,0.6546195149421692
0.3016,0.3332,0.4183627963066101
0.3016,0.3648,0.38561779260635376
0.3016,0.3964,0.13686291873455048
0.3016,0.4280,0.11963264644145966
0.3016,0.4596,0.12052208185195923
0.3016,0.4912,0.2073773741722107
0.3016,0.5228,0.31774666905403137
0.3016,0.5544,0.4406939148902893
0.3016,0.5860,0.5845664739608765
0.3016,0.6176,0.7543566823005676
0.3016,0.6492,0.923997163772583
0.3016,0.6808,1.2033675909042358
0.3016,0.7124,1.5381759405136108
0.3016,0.7440,1.8945388793945312
0.3016,0.7756,2.102989912033081
0.3016,0.8072,2.2746522426605225
0.3016,0.8388,2.456266403198242
0.3016,0.8704,2.506293535232544
0.3016,0.9020,2.5770010948181152
0.3016,0.9336,2.478283405303955
0.3016,0.9652,2.3985960483551025
0.3016,0.9968,2.629473924636841
0.3016,1.0284,2.6730363368988037
0.3016,1.0600,3.161081075668335
0.3016,1.0916,3.6273744106292725
0.3016,1.1232,4.7752532958984375
0.3016,1.1548,4.52801513671875
0.3016,1.1864,5.244855880737305
0.3016,1.2180,6.439845561981201
0.3332,0.2700,0.6546859741210938
0.3332,0.3016,0.5500466823577881
0.3332,0.3332,0.37112927436828613
0.3332,0.3648,0.2194288671016693
0.3332,0.3964,0.17465582489967346
0.3332,0.4280,0.1145879253745079
0.3332,0.4596,0.12622271478176117
0.3332,0.4912,0.17922456562519073
0.3332,0.5228,0.23152102530002594
0.3332,0.5544,0.2999758720397949
0.3332,0.5860,0.3469734191894531
0.3332,0.6176,0.39196041226387024
0.3332,0.6492,0.45421499013900757
0.3332,0.6808,0.5839039087295532
0.3332,0.7124,0.7685371041297913
0.3332,0.7440,0.8900463581085205
0.3332,0.7756,1.0284144878387451
0.3332,0.8072,1.1797215938568115
0.3332,0.8388,1.2914814949035645
0.3332,0.8704,1.532945990562439
0.3332,0.9020,1.7088861465454102
0.3332,0.9336,1.848397135734558
0.3332,0.9652,2.030628204345703
0.3332,0.9968,2.191812038421631
0.3332,1.0284,2.374276638031006
0.3332,1.0600,2.4311635494232178
0.3332,1.0916,2.693934202194214
0.3332,1.1232,3.430753707885742
0.3332,1.1548,3.760622024536133
0.3332,1.1864,6.015356063842773
0.3332,1.2180,9.703438758850098
0.3648,0.2700,0.5238837003707886
0.3648,0.3016,0.33187779784202576
0.3648,0.3332,0.31254181265830994
0.3648,0.3648,0.23514141142368317
0.3648,0.3964,0.11831047385931015
0.3648,0.4280,0.07642926275730133
0.3648,0.4596,0.05992475152015686
0.3648,0.4912,0.07267618924379349
0.3648,0.5228,0.09840267896652222
0.3648,0.5544,0.20856048166751862
0.3648,0.5860,0.17632144689559937
0.3648,0.6176,0.15087281167507172
0.3648,0.6492,0.22892554104328156
0.3648,0.6808,0.302668035030365
0.3648,0.7124,0.3403359651565552
0.3648,0.7440,0.4120416045188904
0.3648,0.7756,0.46749433875083923
0.3648,0.8072,0.5797197222709656
0.3648,0.8388,0.7010698914527893
0.3648,0.8704,0.8010764122009277
0.3648,0.9020,0.925444483757019
0.3648,0.9336,1.1071010828018188
0.3648,0.9652,1.242511510848999
0.3648,0.9968,1.3298254013061523
0.3648,1.0284,1.4449334144592285
0.3648,1.0600,1.629379153251648
0.3648,1.0916,1.984307885169983
0.3648,1.1232,2.623600721359253
0.3648,1.1548,5.209024429321289
0.3648,1.1864,8.803230285644531
0.3648,1.2180,11.017227172851562
0.3964,0.2700,0.42613378167152405
0.3964,0.3016,0.24189716577529907
0.3964,0.3332,0.18823565542697906
0.3964,0.3648,0.14983691275119781
0.3964,0.3964,0.08404858410358429
0.3964,0.4280,0.0684204027056694
0.3964,0.4596,0.055487871170043945
0.3964,0.4912,0.05043043568730354
0.3964,0.5228,0.05129417032003403
0.3964,0.5544,0.048598211258649826
0.3964,0.5860,0.07609846442937851
0.3964,0.6176,0.07484924793243408
0.3964,0.6492,0.1090514287352562
0.3964,0.6808,0.139751598238945
0.3964,0.7124,0.17750981450080872
0.3964,0.7440,0.2137114703655243
0.3964,0.7756,0.25870001316070557
0.3964,0.8072,0.32129013538360596
0.3964,0.8388,0.40145397186279297
0.3964,0.8704,0.5257681012153625
0.3964,0.9020,0.6092212200164795
0.3964,0.9336,0.8097543716430664
0.3964,0.9652,0.8672246932983398
0.3964,0.9968,0.903056263923645
0.3964,1.0284,0.9474166631698608
0.3964,1.0600,1.018459439277649
0.3964,1.0916,1.1583722829818726
0.3964,1.1232,1.4485797882080078
0.3964,1.1548,2.1691412925720215
0.3964,1.1864,6.372335433959961
0.3964,1.2180,9.136354446411133
0.4280,0.2700,0.400748074054718
0.4280,0.3016,0.21507087349891663
0.4280,0.3332,0.10898852348327637
0.4280,0.3648,0.08114004880189896
0.4280,0.3964,0.0804455429315567
0.4280,0.4280,0.09978872537612915
0.4280,0.4596,0.09830275923013687
0.4280,0.4912,0.09061816334724426
0.4280,0.5228,0.08940243721008301
0.4280,0.5544,0.0905165746808052
0.4280,0.5860,0.09787242114543915
0.4280,0.6176,0.12198612838983536
0.4280,0.6492,0.1641499102115631
0.4280,0.6808,0.21359802782535553
0.4280,0.7124,0.18527589738368988
0.4280,0.7440,0.2572457790374756
0.4280,0.7756,0.4874192476272583
0.4280,0.8072,0.4151946008205414
0.4280,0.8388,0.3832147717475891
0.4280,0.8704,0.3710170388221741
0.4280,0.9020,0.3982822597026825
0.4280,0.9336,0.44520407915115356
0.4280,0.9652,0.5081867575645447
0.4280,0.9968,0.5878310799598694
0.4280,1.0284,0.6794543862342834
0.4280,1.0600,0.7761807441711426
0.4280,1.0916,0.8809036016464233
0.4280,1.1232,1.0195938348770142
0.4280,1.1548,1.1972136497497559
0.4280,1.1864,1.4984368085861206
0.4280,1.2180,2.521981954574585
0.4596,0.2700,0.3958168029785156
0.4596,0.3016,0.16724331676959991
0.4596,0.3332,0.04839867725968361
0.4596,0.3648,0.07448067516088486
0.4596,0.3964,0.1073579341173172
0.4596,0.4280,0.12291792780160904
0.4596,0.4596,0.12266551703214645
0.4596,0.4912,0.11451876163482666
0.4596,0.5228,0.10546664893627167
0.4596,0.5544,0.10187371075153351
0.4596,0.5860,0.10488256067037582
0.4596,0.6176,0.11473958194255829
0.4596,0.6492,0.14058633148670197
0.4596,0.6808,0.1653183251619339
0.4596,0.7124,0.19192343950271606
0.4596,0.7440,0.23043419420719147
0.4596,0.7756,0.21930912137031555
0.4596,0.8072,0.23298758268356323
0.4596,0.8388,0.27105891704559326
0.4596,0.8704,0.33252835273742676
0.4596,0.9020,0.33457255363464355
0.4596,0.9336,0.38524526357650757
0.4596,0.9652,0.44363486766815186
0.4596,0.9968,0.5058321952819824
0.4596,1.0284,0.5685296654701233
0.4596,1.0600,0.5917242765426636
0.4596,1.0916,0.6590307354927063
0.4596,1.1232,0.734825849533081
0.4596,1.1548,0.8315523266792297
0.4596,1.1864,0.9661539196968079
0.4596,1.2180,1.1660053730010986
0.4912,0.2700,0.38989806175231934
0.4912,0.3016,0.12702809274196625
0.4912,0.3332,0.012611894868314266
0.4912,0.3648,0.06651782989501953
0.4912,0.3964,0.12514936923980713
0.4912,0.4280,0.14451907575130463
0.4912,0.4596,0.1360197812318802
0.4912,0.4912,0.11857886612415314
0.4912,0.5228,0.10144385695457458
0.4912,0.5544,0.0962027981877327
0.4912,0.5860,0.0912357047200203
0.4912,0.6176,0.09625116735696793
0.4912,0.6492,0.10883872210979462
0.4912,0.6808,0.1236555427312851
0.4912,0.7124,0.150399312376976
0.4912,0.7440,0.19923272728919983
0.4912,0.7756,0.2506423890590668
0.4912,0.8072,0.20794276893138885
0.4912,0.8388,0.1988627314567566
0.4912,0.8704,0.2063477784395218
0.4912,0.9020,0.2292943149805069
0.4912,0.9336,0.2605137228965759
0.4912,0.9652,0.29759740829467773
0.4912,0.9968,0.3390331268310547
0.4912,1.0284,0.37866878509521484
0.4912,1.0600,0.4262710511684418
0.4912,1.0916,0.4668661952018738
0.4912,1.1232,0.522054135799408
0.4912,1.1548,0.5830116271972656
0.4912,1.1864,0.655150294303894
0.4912,1.2180,0.7586557269096375
0.5228,0.2700,0.35272425413131714
0.5228,0.3016,0.1067139059305191
0.5228,0.3332,0.06601949036121368
0.5228,0.3648,0.05379969999194145
0.5228,0.3964,0.110137440264225
0.5228,0.4280,0.14156003296375275
0.5228,0.4596,0.1361362338066101
0.5228,0.4912,0.11608392745256424
0.5228,0.5228,0.09532900899648666
0.5228,0.5544,0.08300240337848663
0.5228,0.5860,0.077743299305439
0.5228,0.6176,0.07870732992887497
0.5228,0.6492,0.09105508029460907
0.5228,0.6808,0.1119888573884964
0.5228,0.7124,0.17533087730407715
0.5228,0.7440,0.13614417612552643
0.5228,0.7756,0.12193261086940765
0.5228,0.8072,0.12605354189872742
0.5228,0.8388,0.13363663852214813
0.5228,0.8704,0.14778003096580505
0.5228,0.9020,0.1671140342950821
0.5228,0.9336,0.19409576058387756
0.5228,0.9652,0.2188633531332016
0.5228,0.9968,0.2439449280500412
0.5228,1.0284,0.27736568450927734
0.5228,1.0600,5.249769687652588
0.5228,1.0916,5.670074939727783
0.5228,1.1232,6.03823184967041
0.5228,1.1548,6.56189489364624
0.5228,1.1864,7.115642070770264
0.5228,1.2180,7.706929683685303
0.5544,0.2700,0.2680458426475525
0.5544,0.3016,0.10970228165388107
0.5544,0.3332,0.1102069690823555
0.5544,0.3648,0.09608891606330872
0.5544,0.3964,0.10474301874637604
0.5544,0.4280,0.11850249022245407
0.5544,0.4596,0.11750581860542297
0.5544,0.4912,0.10004168748855591
0.5544,0.5228,0.08380723744630814
0.5544,0.5544,0.0746065080165863
0.5544,0.5860,0.0742003470659256
0.5544,0.6176,0.07485301792621613
0.5544,0.6492,0.12071500718593597
0.5544,0.6808,0.09948347508907318
0.5544,0.7124,0.07852787524461746
0.5544,0.7440,0.06942738592624664
0.5544,0.7756,0.07299978286027908
0.5544,0.8072,0.08102509379386902
0.5544,0.8388,0.08959726989269257
0.5544,0.8704,0.102134108543396
0.5544,0.9020,0.12580659985542297
0.5544,0.9336,0.1483549028635025
0.5544,0.9652,4.26694917678833
0.5544,0.9968,4.639151573181152
0.5544,1.0284,5.010022163391113
0.5544,1.0600,5.393675327301025
0.5544,1.0916,5.77909517288208
0.5544,1.1232,6.105969429016113
0.5544,1.1548,6.543375492095947
0.5544,1.1864,7.045952320098877
0.5544,1.2180,7.576929092407227
0.5860,0.2700,0.16197068989276886
0.5860,0.3016,0.11233921349048615
0.5860,0.3332,0.14839383959770203
0.5860,0.3648,0.15071648359298706
0.5860,0.3964,0.1165706068277359
0.5860,0.4280,0.11002688854932785
0.5860,0.4596,0.10164092481136322
0.5860,0.4912,0.08049346506595612
0.5860,0.5228,0.06745016574859619
0.5860,0.5544,0.06586465239524841
0.5860,0.5860,0.10288488864898682
0.5860,0.6176,0.08202917128801346
0.5860,0.6492,0.06254157423973083
0.5860,0.6808,0.053407154977321625
0.5860,0.7124,0.04876304045319557
0.5860,0.7440,0.0535995177924633
0.5860,0.7756,0.061071936041116714
0.5860,0.8072,0.06864724308252335
0.5860,0.8388,0.07968401908874512
0.5860,0.8704,0.09364121407270432
0.5860,0.9020,0.0992344543337822
0.5860,0.9336,0.12356503307819366
0.5860,0.9652,4.509800434112549
0.5860,0.9968,4.844498157501221
0.5860,1.0284,5.1747660636901855
0.5860,1.0600,5.561657428741455
0.5860,1.0916,5.929398059844971
0.5860,1.1232,6.3038225173950195
0.5860,1.1548,6.63466739654541
0.5860,1.1864,7.085455894470215
0.5860,1.2180,7.602513313293457
0.6176,0.2700,0.10890468955039978
0.6176,0.3016,0.12487807869911194
0.6176,0.3332,0.16577467322349548
0.6176,0.3648,0.17843632400035858
0.6176,0.3964,0.14138595759868622
0.6176,0.4280,0.10938126593828201
0.6176,0.4596,0.11838596314191818
0.6176,0.4912,0.0938558354973793
0.6176,0.5228,0.0906192809343338
0.6176,0.5544,0.08364947140216827
0.6176,0.5860,0.07304307073354721
0.6176,0.6176,0.06505560129880905
0.6176,0.6492,0.06016431376338005
0.6176,0.6808,0.06356870383024216
0.6176,0.7124,0.07315326482057571
0.6176,0.7440,0.08914366364479065
0.6176,0.7756,0.10702688246965408
0.6176,0.8072,0.11206391453742981
0.6176,0.8388,0.11924836039543152
0.6176,0.8704,0.12470146268606186
0.6176,0.9020,0.1311653107404709
0.6176,0.9336,0.11512082815170288
0.6176,0.9652,4.722912788391113
0.6176,0.9968,5.0574774742126465
0.6176,1.0284,5.384580612182617
0.6176,1.0600,5.759537220001221
0.6176,1.0916,6.13826322555542
0.6176,1.1232,6.5184550285339355
0.6176,1.1548,6.837082386016846
0.6176,1.1864,7.261834621429443
0.6176,1.2180,7.7549824714660645
0.6492,0.2700,0.10235811769962311
0.6492,0.3016,0.12534867227077484
0.6492,0.3332,0.15761739015579224
0.6492,0.3648,0.18029522895812988
0.6492,0.3964,0.15293675661087036
0.6492,0.4280,0.08334986865520477
0.6492,0.4596,0.15762661397457123
0.6492,0.4912,0.05849100276827812
0.6492,0.5228,0.19010812044143677
0.6492,0.5544,0.10882100462913513
0.6492,0.5860,0.08138474076986313
0.6492,0.6176,0.07824008166790009
0.6492,0.6492,0.08117356896400452
0.6492,0.6808,0.08979905396699905
0.6492,0.7124,0.10629567503929138
0.6492,0.7440,0.1260061264038086
0.6492,0.7756,0.14169691503047943
0.6492,0.8072,0.15156668424606323
0.6492,0.8388,0.18158701062202454
0.6492,0.8704,0.1792195737361908
0.6492,0.9020,0.1681886911392212
0.6492,0.9336,0.15436005592346191
0.6492,0.9652,0.1307995617389679
0.6492,0.9968,5.236907958984375
0.6492,1.0284,5.620785236358643
0.6492,1.0600,6.015829086303711
0.6492,1.0916,6.387440204620361
0.6492,1.1232,6.792819023132324
0.6492,1.1548,7.202695846557617
0.6492,1.1864,7.5519328117370605
0.6492,1.2180,8.031676292419434
0.6808,0.2700,0.11236421018838882
0.6808,0.3016,0.11599181592464447
0.6808,0.3332,0.13915665447711945
0.6808,0.3648,0.16360242664813995
0.6808,0.3964,0.14293254911899567
0.6808,0.4280,0.09103767573833466
0.6808,0.4596,0.07073931396007538
0.6808,0.4912,0.061586592346429825
0.6808,0.5228,0.05937075987458229
0.6808,0.5544,0.06139228120446205
0.6808,0.5860,0.18218915164470673
0.6808,0.6176,0.11755398660898209
0.6808,0.6492,0.11090779304504395
0.6808,0.6808,0.12052274495363235
0.6808,0.7124,0.1384686678647995
0.6808,0.7440,0.15895098447799683
0.6808,0.7756,0.17863623797893524
0.6808,0.8072,0.1939389407634735
0.6808,0.8388,0.20812362432479858
0.6808,0.8704,0.26083648204803467
0.6808,0.9020,0.2392059564590454
0.6808,0.9336,0.20499871671199799
0.6808,0.9652,0.16799624264240265
0.6808,0.9968,0.15582774579524994
0.6808,1.0284,5.822235107421875
0.6808,1.0600,6.279836177825928
0.6808,1.0916,6.7409772872924805
0.6808,1.1232,7.205175876617432
0.6808,1.1548,7.557348728179932
0.6808,1.1864,8.00737190246582
0.6808,1.2180,8.436468124389648
0.7124,0.2700,0.13352397084236145
0.7124,0.3016,0.10941118746995926
0.7124,0.3332,0.11317122727632523
0.7124,0.3648,0.13303683698177338
0.7124,0.3964,0.1187271699309349
0.7124,0.4280,0.08933773636817932
0.7124,0.4596,0.06563171744346619
0.7124,0.4912,0.05468321219086647
0.7124,0.5228,0.062411848455667496
0.7124,0.5544,0.058809489011764526
0.7124,0.5860,0.06248897314071655
0.7124,0.6176,0.2818509340286255
0.7124,0.6492,0.16662824153900146
0.7124,0.6808,0.1635495275259018
0.7124,0.7124,0.17867490649223328
0.7124,0.7440,0.200001060962677
0.7124,0.7756,0.2220182716846466
0.7124,0.8072,0.2417929768562317
0.7124,0.8388,0.25786319375038147
0.7124,0.8704,0.2699902355670929
0.7124,0.9020,0.2662534713745117
0.7124,0.9336,0.2758549153804779
0.7124,0.9652,0.22292977571487427
0.7124,0.9968,0.19246070086956024
0.7124,1.0284,0.18316078186035156
0.7124,1.0600,0.18464960157871246
0.7124,1.0916,7.070633411407471
0.7124,1.1232,7.639949321746826
0.7124,1.1548,8.22890567779541
0.7124,1.1864,8.45689868927002
0.7124,1.2180,8.979354858398438
0.7440,0.2700,0.144187793135643
0.7440,0.3016,0.0982741117477417
0.7440,0.3332,0.08430210500955582
0.7440,0.3648,0.09432519972324371
0.7440,0.3964,0.0888984277844429
0.7440,0.4280,0.08263865113258362
0.7440,0.4596,0.07758612930774689
0.7440,0.4912,0.062328677624464035
0.7440,0.5228,0.06156536564230919
0.7440,0.5544,0.9914633631706238
0.7440,0.5860,0.05983710289001465
0.7440,0.6176,1.1285207271575928
0.7440,0.6492,0.24155449867248535
0.7440,0.6808,0.24358955025672913
0.7440,0.7124,0.2539987564086914
0.7440,0.7440,0.2738066613674164
0.7440,0.7756,0.2984161674976349
0.7440,0.8072,0.3246714770793915
0.7440,0.8388,0.2791670858860016
0.7440,0.8704,0.2697729766368866
0.7440,0.9020,0.25743311643600464
0.7440,0.9336,0.24240368604660034
0.7440,0.9652,0.23191407322883606
0.7440,0.9968,0.21716518700122833
0.7440,1.0284,0.19853690266609192
0.7440,1.0600,0.20336776971817017
0.7440,1.0916,0.22388051450252533
0.7440,1.1232,0.25455957651138306
0.7440,1.1548,0.25663018226623535
0.7440,1.1864,8.814738273620605
0.7440,1.2180,9.236069679260254
0.7756,0.2700,0.15976594388484955
0.7756,0.3016,0.08737702667713165
0.7756,0.3332,0.060033611953258514
0.7756,0.3648,0.058453693985939026
0.7756,0.3964,0.06482847034931183
0.7756,0.4280,0.0766802728176117
0.7756,0.4596,0.08222044259309769
0.7756,0.4912,0.07979096472263336
0.7756,0.5228,0.06422334909439087
0.7756,0.5544,0.05402378365397453
0.7756,0.5860,0.05231935530900955
0.7756,0.6176,0.0681610032916069
0.7756,0.6492,0.16676682233810425
0.7756,0.6808,0.18635429441928864
0.7756,0.7124,0.206157848238945
0.7756,0.7440,0.22596803307533264
0.7756,0.7756,0.24515199661254883
0.7756,0.8072,0.2602301239967346
0.7756,0.8388,0.2718098759651184
0.7756,0.8704,0.2794063091278076
0.7756,0.9020,0.27859777212142944
0.7756,0.9336,0.2724972367286682
0.7756,0.9652,0.2566472589969635
0.7756,0.9968,0.2462897151708603
0.7756,1.0284,0.24163033068180084
0.7756,1.0600,0.24103805422782898
0.7756,1.0916,0.24448999762535095
0.7756,1.1232,0.25472742319107056
0.7756,1.1548,0.29751724004745483
0.7756,1.1864,0.3318333327770233
0.7756,1.2180,0.4601832330226898
0.8072,0.2700,0.20163820683956146
0.8072,0.3016,0.10594170540571213
0.8072,0.3332,0.06259935349225998
0.8072,0.3648,0.05183132365345955
0.8072,0.3964,0.062038715928792953
0.8072,0.4280,0.08014848828315735
0.8072,0.4596,0.08709856122732162
0.8072,0.4912,0.08573891967535019
0.8072,0.5228,0.07969372719526291
0.8072,0.5544,0.06708486378192902
0.8072,0.5860,0.050084784626960754
0.8072,0.6176,0.05407290533185005
0.8072,0.6492,0.08019465953111649
0.8072,0.6808,0.10590856522321701
0.8072,0.7124,0.12993039190769196
0.8072,0.7440,0.15486399829387665
0.8072,0.7756,0.17841392755508423
0.8072,0.8072,0.19857168197631836
0.8072,0.8388,0.2157737761735916
0.8072,0.8704,0.23460344970226288
0.8072,0.9020,0.2543947398662567
0.8072,0.9336,0.26646193861961365
0.8072,0.9652,0.26581886410713196
0.8072,0.9968,0.24346569180488586
0.8072,1.0284,0.25541800260543823
0.8072,1.0600,0.2721392512321472
0.8072,1.0916,0.29512864351272583
0.8072,1.1232,0.3099842071533203
0.8072,1.1548,0.34957247972488403
0.8072,1.1864,0.40670716762542725
0.8072,1.2180,0.46310359239578247
0.8388,0.2700,0.2556712031364441
0.8388,0.3016,0.16655868291854858
0.8388,0.3332,0.11607157438993454
0.8388,0.3648,0.09003227204084396
0.8388,0.3964,0.0930243507027626
0.8388,0.4280,0.1023498922586441
0.8388,0.4596,0.09965237975120544
0.8388,0.4912,0.09181507676839828
0.8388,0.5228,0.08722414821386337
0.8388,0.5544,0.08169317245483398
0.8388,0.5860,0.0629100501537323
0.8388,0.6176,0.05922237038612366
0.8388,0.6492,0.0690181627869606
0.8388,0.6808,0.08280004560947418
0.8388,0.7124,0.09794017672538757
0.8388,0.7440,0.11640416085720062
0.8388,0.7756,0.1399436742067337
0.8388,0.8072,0.15559141337871552
0.8388,0.8388,0.1718144416809082
0.8388,0.8704,0.19311939179897308
0.8388,0.9020,0.2160312533378601
0.8388,0.9336,0.23954792320728302
0.8388,0.9652,0.25759607553482056
0.8388,0.9968,0.26623865962028503
0.8388,1.0284,0.2663567364215851
0.8388,1.0600,0.2592712342739105
0.8388,1.0916,0.31682929396629333
0.8388,1.1232,0.3450198769569397
0.8388,1.1548,0.3803541362285614
0.8388,1.1864,0.4321804642677307
0.8388,1.2180,0.5062406063079834
0.8704,0.2700,0.3417493999004364
0.8704,0.3016,0.2492862492799759
0.8704,0.3332,0.18331575393676758
0.8704,0.3648,0.14719527959823608
0.8704,0.3964,0.13514256477355957
0.8704,0.4280,0.13079065084457397
0.8704,0.4596,0.1128726378083229
0.8704,0.4912,0.09606969356536865
0.8704,0.5228,0.08813182264566422
0.8704,0.5544,0.08773455768823624
0.8704,0.5860,0.07308448106050491
0.8704,0.6176,0.07860606163740158
0.8704,0.6492,0.09359507262706757
0.8704,0.6808,0.10438114404678345
0.8704,0.7124,0.11362739652395248
0.8704,0.7440,0.12311938405036926
0.8704,0.7756,0.13718779385089874
0.8704,0.8072,0.1494603008031845
0.8704,0.8388,0.15999113023281097
0.8704,0.8704,0.17475160956382751
0.8704,0.9020,0.19232060015201569
0.8704,0.9336,0.2084769755601883
0.8704,0.9652,0.2228802889585495
0.8704,0.9968,0.2389429807662964
0.8704,1.0284,0.262484073638916
0.8704,1.0600,0.2879113554954529
0.8704,1.0916,0.3061322569847107
0.8704,1.1232,0.37019866704940796
0.8704,1.1548,0.40741145610809326
0.8704,1.1864,0.4532485008239746
0.8704,1.2180,0.5344570875167847
0.9020,0.2700,0.4684508442878723
0.9020,0.3016,0.34554681181907654
0.9020,0.3332,0.26303333044052124
0.9020,0.3648,0.2105223387479782
0.9020,0.3964,0.1875828355550766
0.9020,0.4280,0.1605837643146515
0.9020,0.4596,0.12997302412986755
0.9020,0.4912,0.10566216707229614
0.9020,0.5228,0.09374985843896866
0.9020,0.5544,0.09523193538188934
0.9020,0.5860,0.08702833950519562
0.9020,0.6176,0.10010553896427155
0.9020,0.6492,0.1160067468881607
0.9020,0.6808,0.12344729155302048
0.9020,0.7124,0.13360874354839325
0.9020,0.7440,0.14353294670581818
0.9020,0.7756,0.156295046210289
0.9020,0.8072,0.16851824522018433
0.9020,0.8388,0.17929157614707947
0.9020,0.8704,0.1904301792383194
0.9020,0.9020,0.20206505060195923
0.9020,0.9336,0.20886540412902832
0.9020,0.9652,0.21599821746349335
0.9020,0.9968,0.22305327653884888
0.9020,1.0284,0.24489516019821167
0.9020,1.0600,0.2804954946041107
0.9020,1.0916,0.31873011589050293
0.9020,1.1232,0.3531195819377899
0.9020,1.1548,0.4258989989757538
0.9020,1.1864,0.47860845923423767
0.9020,1.2180,0.535814642906189
0.9336,0.2700,0.6066974997520447
0.9336,0.3016,0.45179858803749084
0.9336,0.3332,0.3482478857040405
0.9336,0.3648,0.2864585518836975
0.9336,0.3964,0.24104629456996918
0.9336,0.4280,0.1953016072511673
0.9336,0.4596,0.15013942122459412
0.9336,0.4912,0.11564284563064575
0.9336,0.5228,0.09956368058919907
0.9336,0.5544,0.10291673243045807
0.9336,0.5860,0.1024736762046814
0.9336,0.6176,0.12362116575241089
0.9336,0.6492,0.13777270913124084
0.9336,0.6808,0.14721223711967468
0.9336,0.7124,0.15930797159671783
0.9336,0.7440,0.17195045948028564
0.9336,0.7756,0.18806640803813934
0.9336,0.8072,0.20177099108695984
0.9336,0.8388,0.21228842437267303
0.9336,0.8704,0.22501108050346375
0.9336,0.9020,0.23841321468353271
0.9336,0.9336,0.24542281031608582
0.9336,0.9652,0.24894382059574127
0.9336,0.9968,0.2541603446006775
0.9336,1.0284,0.26820260286331177
0.9336,1.0600,0.28427985310554504
0.9336,1.0916,0.3166637420654297
0.9336,1.1232,0.36210963129997253
0.9336,1.1548,0.40849417448043823
0.9336,1.1864,0.49005088210105896
0.9336,1.2180,0.5605039596557617
0.9652,0.2700,0.769996166229248
0.9652,0.3016,0.5750406980514526
0.9652,0.3332,0.4470793604850769
0.9652,0.3648,0.36196979880332947
0.9652,0.3964,0.3021412789821625
0.9652,0.4280,0.23358213901519775
0.9652,0.4596,0.17289084196090698
0.9652,0.4912,0.12856543064117432
0.9652,0.5228,0.10948122292757034
0.9652,0.5544,0.10655612498521805
0.9652,0.5860,0.11822778731584549
0.9652,0.6176,0.14404670894145966
0.9652,0.6492,0.15933528542518616
0.9652,0.6808,0.1736672967672348
0.9652,0.7124,0.189419686794281
0.9652,0.7440,0.20241402089595795
0.9652,0.7756,0.22188866138458252
0.9652,0.8072,0.23950543999671936
0.9652,0.8388,0.25372305512428284
0.9652,0.8704,0.2674693167209625
0.9652,0.9020,0.2860996723175049
0.9652,0.9336,0.24764388799667358
0.9652,0.9652,0.25562986731529236
0.9652,0.9968,0.2703782320022583
0.9652,1.0284,0.30901795625686646
0.9652,1.0600,0.32068610191345215
0.9652,1.0916,0.3376772105693817
0.9652,1.1232,0.3698307275772095
0.9652,1.1548,0.4177722632884979
0.9652,1.1864,0.4735766053199768
0.9652,1.2180,0.5678849816322327
0.9968,0.2700,0.9458344578742981
0.9968,0.3016,0.711796224117279
0.9968,0.3332,0.5503267049789429
0.9968,0.3648,0.43951326608657837
0.9968,0.3964,0.34701967239379883
0.9968,0.4280,0.26858460903167725
0.9968,0.4596,0.20756292343139648
0.9968,0.4912,0.15122804045677185
0.9968,0.5228,0.11703422665596008
0.9968,0.5544,0.10860201716423035
0.9968,0.5860,0.13245214521884918
0.9968,0.6176,0.16349993646144867
0.9968,0.6492,0.18155443668365479
0.9968,0.6808,0.20163393020629883
0.9968,0.7124,0.22261686623096466
0.9968,0.7440,0.24119897186756134
0.9968,0.7756,0.2669517397880554
0.9968,0.8072,0.2900651693344116
0.9968,0.8388,0.30906549096107483
0.9968,0.8704,0.3259083032608032
0.9968,0.9020,0.27874958515167236
0.9968,0.9336,0.2856202721595764
0.9968,0.9652,0.29170721769332886
0.9968,0.9968,0.3075462877750397
0.9968,1.0284,0.32123133540153503
0.9968,1.0600,0.3334076702594757
0.9968,1.0916,0.3572099804878235
0.9968,1.1232,0.396819144487381
0.9968,1.1548,0.43841445446014404
0.9968,1.1864,0.4923989176750183
0.9968,1.2180,0.5770077705383301
1.0284,0.2700,1.136005163192749
1.0284,0.3016,0.8605318665504456
1.0284,0.3332,0.6620674133300781
1.0284,0.3648,0.5220096111297607
1.0284,0.3964,0.4020681381225586
1.0284,0.4280,0.3058331608772278
1.0284,0.4596,0.2197893112897873
1.0284,0.4912,0.15673886239528656
1.0284,0.5228,0.12596569955348969
1.0284,0.5544,0.11026152968406677
1.0284,0.5860,0.1437567174434662
1.0284,0.6176,0.18154874444007874
1.0284,0.6492,0.20518100261688232
1.0284,0.6808,0.23173975944519043
1.0284,0.7124,0.25823667645454407
1.0284,0.7440,0.284082293510437
1.0284,0.7756,0.3159993290901184
1.0284,0.8072,0.34454119205474854
1.0284,0.8388,0.3690461218357086
1.0284,0.8704,0.31230586767196655
1.0284,0.9020,0.31959956884384155
1.0284,0.9336,0.322449266910553
1.0284,0.9652,0.32888028025627136
1.0284,0.9968,0.34700554609298706
1.0284,1.0284,0.36190757155418396
1.0284,1.0600,0.3750535249710083
1.0284,1.0916,0.3884863257408142
1.0284,1.1232,0.42293357849121094
1.0284,1.1548,0.4717154800891876
1.0284,1.1864,0.5282796025276184
1.0284,1.2180,0.6122164130210876
1.0600,0.2700,1.3466206789016724
1.0600,0.3016,1.0200729370117188
1.0600,0.3332,0.7806823253631592
1.0600,0.3648,0.6000904440879822
1.0600,0.3964,0.46220389008522034
1.0600,0.4280,0.34817028045654297
1.0600,0.4596,0.24597765505313873
1.0600,0.4912,0.16988489031791687
1.0600,0.5228,0.11986708641052246
1.0600,0.5544,0.11350242048501968
1.0600,0.5860,0.15399879217147827
1.0600,0.6176,0.19787085056304932
1.0600,0.6492,0.22948938608169556
1.0600,0.6808,0.26500269770622253
1.0600,0.7124,0.2969549596309662
1.0600,0.7440,0.33164286613464355
1.0600,0.7756,0.36918187141418457
1.0600,0.8072,0.4028819799423218
1.0600,0.8388,0.4332835376262665
1.0600,0.8704,0.3611959218978882
1.0600,0.9020,0.36403965950012207
1.0600,0.9336,0.3611001968383789
1.0600,0.9652,0.37316685914993286
1.0600,0.9968,0.39264923334121704
1.0600,1.0284,0.40926581621170044
1.0600,1.0600,0.41771969199180603
1.0600,1.0916,0.43434378504753113
1.0600,1.1232,0.466869056224823
1.0600,1.1548,0.5155988931655884
1.0600,1.1864,0.6670235395431519
1.0600,1.2180,0.7650032043457031
1.0916,0.2700,1.5745267868041992
1.0916,0.3016,1.1844490766525269
1.0916,0.3332,0.9092018604278564
1.0916,0.3648,0.691117525100708
1.0916,0.3964,0.5292773246765137
1.0916,0.4280,0.38527828454971313
1.0916,0.4596,0.27032116055488586
1.0916,0.4912,0.1827627420425415
1.0916,0.5228,0.11892414093017578
1.0916,0.5544,0.1027989313006401
1.0916,0.5860,0.15470007061958313
1.0916,0.6176,0.20474116504192352
1.0916,0.6492,0.2359454333782196
1.0916,0.6808,0.2741624116897583
1.0916,0.7124,0.29633063077926636
1.0916,0.7440,0.3394792675971985
1.0916,0.7756,0.38161587715148926
1.0916,0.8072,0.41806715726852417
1.0916,0.8388,0.37274372577667236
1.0916,0.8704,0.37913164496421814
1.0916,0.9020,0.36665984988212585
1.0916,0.9336,0.38616061210632324
1.0916,0.9652,0.38058361411094666
1.0916,0.9968,0.4009708762168884
1.0916,1.0284,0.42046356201171875
1.0916,1.0600,0.42445188760757446
1.0916,1.0916,0.4706180989742279
1.0916,1.1232,0.5104444622993469
1.0916,1.1548,0.5805292129516602
1.0916,1.1864,0.6768147349357605
1.0916,1.2180,0.7951706051826477
1.1232,0.2700,1.8013272285461426
1.1232,0.3016,1.3533604145050049
1.1232,0.3332,1.033100962638855
1.1232,0.3648,0.7852004766464233
1.1232,0.3964,0.6165474653244019
1.1232,0.4280,0.44205695390701294
1.1232,0.4596,0.3109774887561798
1.1232,0.4912,0.21007199585437775
1.1232,0.5228,0.13775458931922913
1.1232,0.5544,0.10950258374214172
1.1232,0.5860,0.15944446623325348
1.1232,0.6176,0.21793779730796814
1.1232,0.6492,0.26390865445137024
1.1232,0.6808,0.309454083442688
1.1232,0.7124,0.354996919631958
1.1232,0.7440,0.3903195261955261
1.1232,0.7756,0.43846482038497925
1.1232,0.8072,0.49221256375312805
1.1232,0.8388,0.44883984327316284
1.1232,0.8704,0.4561346471309662
1.1232,0.9020,0.4627182185649872
1.1232,0.9336,0.4617682993412018
1.1232,0.9652,0.4891962707042694
1.1232,0.9968,0.4978378415107727
1.1232,1.0284,0.48752185702323914
1.1232,1.0600,0.49807363748550415
1.1232,1.0916,0.5177870988845825
1.1232,1.1232,0.5973570346832275
1.1232,1.1548,0.6549189686775208
1.1232,1.1864,0.748664379119873
1.1232,1.2180,0.878308892250061
1.1548,0.2700,2.0389511585235596
1.1548,0.3016,1.5266811847686768
1.1548,0.3332,1.1601650714874268
1.1548,0.3648,0.8799696564674377
1.1548,0.3964,0.654815673828125
1.1548,0.4280,0.5156351923942566
1.1548,0.4596,0.3608779311180115
1.1548,0.4912,0.2674201726913452
1.1548,0.5228,0.19694899022579193
1.1548,0.5544,0.1552833467721939
1.1548,0.5860,0.17258796095848083
1.1548,0.6176,0.2385822832584381
1.1548,0.6492,0.2958970069885254
1.1548,0.6808,0.35426706075668335
1.1548,0.7124,0.4066881537437439
1.1548,0.7440,0.45288485288619995
1.1548,0.7756,0.5199424028396606
1.1548,0.8072,0.5811328887939453
1.1548,0.8388,0.5340580344200134
1.1548,0.8704,0.5501772165298462
1.1548,0.9020,0.5712286829948425
1.1548,0.9336,0.5845351219177246
1.1548,0.9652,0.6113514304161072
1.1548,0.9968,0.6023069024085999
1.1548,1.0284,0.6045171618461609
1.1548,1.0600,0.6150224208831787
1.1548,1.0916,0.6344595551490784
1.1548,1.1232,0.6940488815307617
1.1548,1.1548,0.7623686790466309
1.1548,1.1864,0.8623319864273071
1.1548,1.2180,0.9803353548049927
1.1864,0.2700,2.2740235328674316
1.1864,0.3016,1.6995007991790771
1.1864,0.3332,1.2884926795959473
1.1864,0.3648,0.9819251298904419
1.1864,0.3964,0.7504358291625977
1.1864,0.4280,0.5564194321632385
1.1864,0.4596,0.45712751150131226
1.1864,0.4912,0.3504931926727295
1.1864,0.5228,0.27134403586387634
1.1864,0.5544,0.2321993112564087
1.1864,0.5860,0.22962145507335663
1.1864,0.6176,0.27301889657974243
1.1864,0.6492,0.341499388217926
1.1864,0.6808,0.40518268942832947
1.1864,0.7124,0.4609118402004242
1.1864,0.7440,0.5294464230537415
1.1864,0.7756,0.6010308265686035
1.1864,0.8072,0.6714475154876709
1.1864,0.8388,0.6266700625419617
1.1864,0.8704,0.6670377850532532
1.1864,0.9020,0.6989514231681824
1.1864,0.9336,0.7264090776443481
1.1864,0.9652,0.7432588934898376
1.1864,0.9968,0.7342529892921448
1.1864,1.0284,0.7419665455818176
1.1864,1.0600,0.7469374537467957
1.1864,1.0916,0.7809428572654724
1.1864,1.1232,0.8386787176132202
1.1864,1.1548,0.9154425859451294
1.1864,1.1864,1.0115458965301514
1.1864,1.2180,1.130786657333374
1.2180,0.2700,2.513063669204712
1.2180,0.3016,1.8761577606201172
1.2180,0.3332,1.4151923656463623
1.2180,0.3648,1.090786099433899
1.2180,0.3964,0.8527910709381104
1.2180,0.4280,0.6659187078475952
1.2180,0.4596,0.5441456437110901
1.2180,0.4912,0.4512263834476471
1.2180,0.5228,0.3677397072315216
1.2180,0.5544,0.32314592599868774
1.2180,0.5860,0.3190745711326599
1.2180,0.6176,0.34414705634117126
1.2180,0.6492,0.4066292643547058
1.2180,0.6808,0.4725736081600189
1.2180,0.7124,0.5440740585327148
1.2180,0.7440,0.6180921196937561
1.2180,0.7756,0.690329909324646
1.2180,0.8072,0.7751297950744629
1.2180,0.8388,0.7540261745452881
1.2180,0.8704,0.7959747910499573
1.2180,0.9020,0.8368328809738159
1.2180,0.9336,0.8727823495864868
1.2180,0.9652,0.8811279535293579
1.2180,0.9968,0.8927707672119141
1.2180,1.0284,0.9121080636978149
1.2180,1.0600,0.9029993414878845
1.2180,1.0916,0.947060763835907
1.2180,1.1232,1.0097905397415161
1.2180,1.1548,1.0988976955413818
1.2180,1.1864,1.216181993484497
1.2180,1.2180,1.3629802465438843
